--
-- PostgreSQL database dump
--

-- Dumped from database version 13.3 (Debian 13.3-1.pgdg100+1)
-- Dumped by pg_dump version 13.7

-- Started on 2022-08-17 08:34:17 UTC

SET statement_timeout = 0;
SET lock_timeout = 0;
SET idle_in_transaction_session_timeout = 0;
SET client_encoding = 'UTF8';
SET standard_conforming_strings = on;
SELECT pg_catalog.set_config('search_path', '', false);
SET check_function_bodies = false;
SET xmloption = content;
SET client_min_messages = warning;
SET row_security = off;

SET default_tablespace = '';

SET default_table_access_method = heap;

--
-- TOC entry 212 (class 1259 OID 16480)
-- Name: ApiResourceClaims; Type: TABLE; Schema: public; Owner: workshopuser
--

CREATE TABLE public."ApiResourceClaims" (
    "Id" integer NOT NULL,
    "ApiResourceId" integer NOT NULL,
    "Type" character varying(200) NOT NULL
);


ALTER TABLE public."ApiResourceClaims" OWNER TO workshopuser;

--
-- TOC entry 211 (class 1259 OID 16478)
-- Name: ApiResourceClaims_Id_seq; Type: SEQUENCE; Schema: public; Owner: workshopuser
--

ALTER TABLE public."ApiResourceClaims" ALTER COLUMN "Id" ADD GENERATED BY DEFAULT AS IDENTITY (
    SEQUENCE NAME public."ApiResourceClaims_Id_seq"
    START WITH 1
    INCREMENT BY 1
    NO MINVALUE
    NO MAXVALUE
    CACHE 1
);


--
-- TOC entry 214 (class 1259 OID 16492)
-- Name: ApiResourceProperties; Type: TABLE; Schema: public; Owner: workshopuser
--

CREATE TABLE public."ApiResourceProperties" (
    "Id" integer NOT NULL,
    "ApiResourceId" integer NOT NULL,
    "Key" character varying(250) NOT NULL,
    "Value" character varying(2000) NOT NULL
);


ALTER TABLE public."ApiResourceProperties" OWNER TO workshopuser;

--
-- TOC entry 213 (class 1259 OID 16490)
-- Name: ApiResourceProperties_Id_seq; Type: SEQUENCE; Schema: public; Owner: workshopuser
--

ALTER TABLE public."ApiResourceProperties" ALTER COLUMN "Id" ADD GENERATED BY DEFAULT AS IDENTITY (
    SEQUENCE NAME public."ApiResourceProperties_Id_seq"
    START WITH 1
    INCREMENT BY 1
    NO MINVALUE
    NO MAXVALUE
    CACHE 1
);


--
-- TOC entry 216 (class 1259 OID 16507)
-- Name: ApiResourceScopes; Type: TABLE; Schema: public; Owner: workshopuser
--

CREATE TABLE public."ApiResourceScopes" (
    "Id" integer NOT NULL,
    "Scope" character varying(200) NOT NULL,
    "ApiResourceId" integer NOT NULL
);


ALTER TABLE public."ApiResourceScopes" OWNER TO workshopuser;

--
-- TOC entry 215 (class 1259 OID 16505)
-- Name: ApiResourceScopes_Id_seq; Type: SEQUENCE; Schema: public; Owner: workshopuser
--

ALTER TABLE public."ApiResourceScopes" ALTER COLUMN "Id" ADD GENERATED BY DEFAULT AS IDENTITY (
    SEQUENCE NAME public."ApiResourceScopes_Id_seq"
    START WITH 1
    INCREMENT BY 1
    NO MINVALUE
    NO MAXVALUE
    CACHE 1
);


--
-- TOC entry 218 (class 1259 OID 16519)
-- Name: ApiResourceSecrets; Type: TABLE; Schema: public; Owner: workshopuser
--

CREATE TABLE public."ApiResourceSecrets" (
    "Id" integer NOT NULL,
    "ApiResourceId" integer NOT NULL,
    "Description" character varying(1000),
    "Value" character varying(4000) NOT NULL,
    "Expiration" timestamp with time zone,
    "Type" character varying(250) NOT NULL,
    "Created" timestamp with time zone NOT NULL
);


ALTER TABLE public."ApiResourceSecrets" OWNER TO workshopuser;

--
-- TOC entry 217 (class 1259 OID 16517)
-- Name: ApiResourceSecrets_Id_seq; Type: SEQUENCE; Schema: public; Owner: workshopuser
--

ALTER TABLE public."ApiResourceSecrets" ALTER COLUMN "Id" ADD GENERATED BY DEFAULT AS IDENTITY (
    SEQUENCE NAME public."ApiResourceSecrets_Id_seq"
    START WITH 1
    INCREMENT BY 1
    NO MINVALUE
    NO MAXVALUE
    CACHE 1
);


--
-- TOC entry 204 (class 1259 OID 16440)
-- Name: ApiResources; Type: TABLE; Schema: public; Owner: workshopuser
--

CREATE TABLE public."ApiResources" (
    "Id" integer NOT NULL,
    "Enabled" boolean NOT NULL,
    "Name" character varying(200) NOT NULL,
    "DisplayName" character varying(200),
    "Description" character varying(1000),
    "AllowedAccessTokenSigningAlgorithms" character varying(100),
    "ShowInDiscoveryDocument" boolean NOT NULL,
    "Created" timestamp with time zone NOT NULL,
    "Updated" timestamp with time zone,
    "LastAccessed" timestamp with time zone,
    "NonEditable" boolean NOT NULL
);


ALTER TABLE public."ApiResources" OWNER TO workshopuser;

--
-- TOC entry 203 (class 1259 OID 16438)
-- Name: ApiResources_Id_seq; Type: SEQUENCE; Schema: public; Owner: workshopuser
--

ALTER TABLE public."ApiResources" ALTER COLUMN "Id" ADD GENERATED BY DEFAULT AS IDENTITY (
    SEQUENCE NAME public."ApiResources_Id_seq"
    START WITH 1
    INCREMENT BY 1
    NO MINVALUE
    NO MAXVALUE
    CACHE 1
);


--
-- TOC entry 220 (class 1259 OID 16534)
-- Name: ApiScopeClaims; Type: TABLE; Schema: public; Owner: workshopuser
--

CREATE TABLE public."ApiScopeClaims" (
    "Id" integer NOT NULL,
    "ScopeId" integer NOT NULL,
    "Type" character varying(200) NOT NULL
);


ALTER TABLE public."ApiScopeClaims" OWNER TO workshopuser;

--
-- TOC entry 219 (class 1259 OID 16532)
-- Name: ApiScopeClaims_Id_seq; Type: SEQUENCE; Schema: public; Owner: workshopuser
--

ALTER TABLE public."ApiScopeClaims" ALTER COLUMN "Id" ADD GENERATED BY DEFAULT AS IDENTITY (
    SEQUENCE NAME public."ApiScopeClaims_Id_seq"
    START WITH 1
    INCREMENT BY 1
    NO MINVALUE
    NO MAXVALUE
    CACHE 1
);


--
-- TOC entry 222 (class 1259 OID 16546)
-- Name: ApiScopeProperties; Type: TABLE; Schema: public; Owner: workshopuser
--

CREATE TABLE public."ApiScopeProperties" (
    "Id" integer NOT NULL,
    "ScopeId" integer NOT NULL,
    "Key" character varying(250) NOT NULL,
    "Value" character varying(2000) NOT NULL
);


ALTER TABLE public."ApiScopeProperties" OWNER TO workshopuser;

--
-- TOC entry 221 (class 1259 OID 16544)
-- Name: ApiScopeProperties_Id_seq; Type: SEQUENCE; Schema: public; Owner: workshopuser
--

ALTER TABLE public."ApiScopeProperties" ALTER COLUMN "Id" ADD GENERATED BY DEFAULT AS IDENTITY (
    SEQUENCE NAME public."ApiScopeProperties_Id_seq"
    START WITH 1
    INCREMENT BY 1
    NO MINVALUE
    NO MAXVALUE
    CACHE 1
);


--
-- TOC entry 206 (class 1259 OID 16450)
-- Name: ApiScopes; Type: TABLE; Schema: public; Owner: workshopuser
--

CREATE TABLE public."ApiScopes" (
    "Id" integer NOT NULL,
    "Enabled" boolean NOT NULL,
    "Name" character varying(200) NOT NULL,
    "DisplayName" character varying(200),
    "Description" character varying(1000),
    "Required" boolean NOT NULL,
    "Emphasize" boolean NOT NULL,
    "ShowInDiscoveryDocument" boolean NOT NULL
);


ALTER TABLE public."ApiScopes" OWNER TO workshopuser;

--
-- TOC entry 205 (class 1259 OID 16448)
-- Name: ApiScopes_Id_seq; Type: SEQUENCE; Schema: public; Owner: workshopuser
--

ALTER TABLE public."ApiScopes" ALTER COLUMN "Id" ADD GENERATED BY DEFAULT AS IDENTITY (
    SEQUENCE NAME public."ApiScopes_Id_seq"
    START WITH 1
    INCREMENT BY 1
    NO MINVALUE
    NO MAXVALUE
    CACHE 1
);


--
-- TOC entry 248 (class 1259 OID 16749)
-- Name: AspNetRoleClaims; Type: TABLE; Schema: public; Owner: workshopuser
--

CREATE TABLE public."AspNetRoleClaims" (
    "Id" integer NOT NULL,
    "RoleId" text NOT NULL,
    "ClaimType" text,
    "ClaimValue" text
);


ALTER TABLE public."AspNetRoleClaims" OWNER TO workshopuser;

--
-- TOC entry 247 (class 1259 OID 16747)
-- Name: AspNetRoleClaims_Id_seq; Type: SEQUENCE; Schema: public; Owner: workshopuser
--

ALTER TABLE public."AspNetRoleClaims" ALTER COLUMN "Id" ADD GENERATED BY DEFAULT AS IDENTITY (
    SEQUENCE NAME public."AspNetRoleClaims_Id_seq"
    START WITH 1
    INCREMENT BY 1
    NO MINVALUE
    NO MAXVALUE
    CACHE 1
);


--
-- TOC entry 245 (class 1259 OID 16731)
-- Name: AspNetRoles; Type: TABLE; Schema: public; Owner: workshopuser
--

CREATE TABLE public."AspNetRoles" (
    "Id" text NOT NULL,
    "Name" character varying(256),
    "NormalizedName" character varying(256),
    "ConcurrencyStamp" text
);


ALTER TABLE public."AspNetRoles" OWNER TO workshopuser;

--
-- TOC entry 250 (class 1259 OID 16764)
-- Name: AspNetUserClaims; Type: TABLE; Schema: public; Owner: workshopuser
--

CREATE TABLE public."AspNetUserClaims" (
    "Id" integer NOT NULL,
    "UserId" text NOT NULL,
    "ClaimType" text,
    "ClaimValue" text
);


ALTER TABLE public."AspNetUserClaims" OWNER TO workshopuser;

--
-- TOC entry 249 (class 1259 OID 16762)
-- Name: AspNetUserClaims_Id_seq; Type: SEQUENCE; Schema: public; Owner: workshopuser
--

ALTER TABLE public."AspNetUserClaims" ALTER COLUMN "Id" ADD GENERATED BY DEFAULT AS IDENTITY (
    SEQUENCE NAME public."AspNetUserClaims_Id_seq"
    START WITH 1
    INCREMENT BY 1
    NO MINVALUE
    NO MAXVALUE
    CACHE 1
);


--
-- TOC entry 251 (class 1259 OID 16777)
-- Name: AspNetUserLogins; Type: TABLE; Schema: public; Owner: workshopuser
--

CREATE TABLE public."AspNetUserLogins" (
    "LoginProvider" text NOT NULL,
    "ProviderKey" text NOT NULL,
    "ProviderDisplayName" text,
    "UserId" text NOT NULL
);


ALTER TABLE public."AspNetUserLogins" OWNER TO workshopuser;

--
-- TOC entry 252 (class 1259 OID 16790)
-- Name: AspNetUserRoles; Type: TABLE; Schema: public; Owner: workshopuser
--

CREATE TABLE public."AspNetUserRoles" (
    "UserId" text NOT NULL,
    "RoleId" text NOT NULL
);


ALTER TABLE public."AspNetUserRoles" OWNER TO workshopuser;

--
-- TOC entry 253 (class 1259 OID 16808)
-- Name: AspNetUserTokens; Type: TABLE; Schema: public; Owner: workshopuser
--

CREATE TABLE public."AspNetUserTokens" (
    "UserId" text NOT NULL,
    "LoginProvider" text NOT NULL,
    "Name" text NOT NULL,
    "Value" text
);


ALTER TABLE public."AspNetUserTokens" OWNER TO workshopuser;

--
-- TOC entry 246 (class 1259 OID 16739)
-- Name: AspNetUsers; Type: TABLE; Schema: public; Owner: workshopuser
--

CREATE TABLE public."AspNetUsers" (
    "Id" text NOT NULL,
    "UserName" character varying(256),
    "NormalizedUserName" character varying(256),
    "Email" character varying(256),
    "NormalizedEmail" character varying(256),
    "EmailConfirmed" boolean NOT NULL,
    "PasswordHash" text,
    "SecurityStamp" text,
    "ConcurrencyStamp" text,
    "PhoneNumber" text,
    "PhoneNumberConfirmed" boolean NOT NULL,
    "TwoFactorEnabled" boolean NOT NULL,
    "LockoutEnd" timestamp with time zone,
    "LockoutEnabled" boolean NOT NULL,
    "AccessFailedCount" integer NOT NULL
);


ALTER TABLE public."AspNetUsers" OWNER TO workshopuser;

--
-- TOC entry 224 (class 1259 OID 16561)
-- Name: ClientClaims; Type: TABLE; Schema: public; Owner: workshopuser
--

CREATE TABLE public."ClientClaims" (
    "Id" integer NOT NULL,
    "Type" character varying(250) NOT NULL,
    "Value" character varying(250) NOT NULL,
    "ClientId" integer NOT NULL
);


ALTER TABLE public."ClientClaims" OWNER TO workshopuser;

--
-- TOC entry 223 (class 1259 OID 16559)
-- Name: ClientClaims_Id_seq; Type: SEQUENCE; Schema: public; Owner: workshopuser
--

ALTER TABLE public."ClientClaims" ALTER COLUMN "Id" ADD GENERATED BY DEFAULT AS IDENTITY (
    SEQUENCE NAME public."ClientClaims_Id_seq"
    START WITH 1
    INCREMENT BY 1
    NO MINVALUE
    NO MAXVALUE
    CACHE 1
);


--
-- TOC entry 226 (class 1259 OID 16576)
-- Name: ClientCorsOrigins; Type: TABLE; Schema: public; Owner: workshopuser
--

CREATE TABLE public."ClientCorsOrigins" (
    "Id" integer NOT NULL,
    "Origin" character varying(150) NOT NULL,
    "ClientId" integer NOT NULL
);


ALTER TABLE public."ClientCorsOrigins" OWNER TO workshopuser;

--
-- TOC entry 225 (class 1259 OID 16574)
-- Name: ClientCorsOrigins_Id_seq; Type: SEQUENCE; Schema: public; Owner: workshopuser
--

ALTER TABLE public."ClientCorsOrigins" ALTER COLUMN "Id" ADD GENERATED BY DEFAULT AS IDENTITY (
    SEQUENCE NAME public."ClientCorsOrigins_Id_seq"
    START WITH 1
    INCREMENT BY 1
    NO MINVALUE
    NO MAXVALUE
    CACHE 1
);


--
-- TOC entry 228 (class 1259 OID 16588)
-- Name: ClientGrantTypes; Type: TABLE; Schema: public; Owner: workshopuser
--

CREATE TABLE public."ClientGrantTypes" (
    "Id" integer NOT NULL,
    "GrantType" character varying(250) NOT NULL,
    "ClientId" integer NOT NULL
);


ALTER TABLE public."ClientGrantTypes" OWNER TO workshopuser;

--
-- TOC entry 227 (class 1259 OID 16586)
-- Name: ClientGrantTypes_Id_seq; Type: SEQUENCE; Schema: public; Owner: workshopuser
--

ALTER TABLE public."ClientGrantTypes" ALTER COLUMN "Id" ADD GENERATED BY DEFAULT AS IDENTITY (
    SEQUENCE NAME public."ClientGrantTypes_Id_seq"
    START WITH 1
    INCREMENT BY 1
    NO MINVALUE
    NO MAXVALUE
    CACHE 1
);


--
-- TOC entry 230 (class 1259 OID 16600)
-- Name: ClientIdPRestrictions; Type: TABLE; Schema: public; Owner: workshopuser
--

CREATE TABLE public."ClientIdPRestrictions" (
    "Id" integer NOT NULL,
    "Provider" character varying(200) NOT NULL,
    "ClientId" integer NOT NULL
);


ALTER TABLE public."ClientIdPRestrictions" OWNER TO workshopuser;

--
-- TOC entry 229 (class 1259 OID 16598)
-- Name: ClientIdPRestrictions_Id_seq; Type: SEQUENCE; Schema: public; Owner: workshopuser
--

ALTER TABLE public."ClientIdPRestrictions" ALTER COLUMN "Id" ADD GENERATED BY DEFAULT AS IDENTITY (
    SEQUENCE NAME public."ClientIdPRestrictions_Id_seq"
    START WITH 1
    INCREMENT BY 1
    NO MINVALUE
    NO MAXVALUE
    CACHE 1
);


--
-- TOC entry 232 (class 1259 OID 16612)
-- Name: ClientPostLogoutRedirectUris; Type: TABLE; Schema: public; Owner: workshopuser
--

CREATE TABLE public."ClientPostLogoutRedirectUris" (
    "Id" integer NOT NULL,
    "PostLogoutRedirectUri" character varying(2000) NOT NULL,
    "ClientId" integer NOT NULL
);


ALTER TABLE public."ClientPostLogoutRedirectUris" OWNER TO workshopuser;

--
-- TOC entry 231 (class 1259 OID 16610)
-- Name: ClientPostLogoutRedirectUris_Id_seq; Type: SEQUENCE; Schema: public; Owner: workshopuser
--

ALTER TABLE public."ClientPostLogoutRedirectUris" ALTER COLUMN "Id" ADD GENERATED BY DEFAULT AS IDENTITY (
    SEQUENCE NAME public."ClientPostLogoutRedirectUris_Id_seq"
    START WITH 1
    INCREMENT BY 1
    NO MINVALUE
    NO MAXVALUE
    CACHE 1
);


--
-- TOC entry 234 (class 1259 OID 16627)
-- Name: ClientProperties; Type: TABLE; Schema: public; Owner: workshopuser
--

CREATE TABLE public."ClientProperties" (
    "Id" integer NOT NULL,
    "ClientId" integer NOT NULL,
    "Key" character varying(250) NOT NULL,
    "Value" character varying(2000) NOT NULL
);


ALTER TABLE public."ClientProperties" OWNER TO workshopuser;

--
-- TOC entry 233 (class 1259 OID 16625)
-- Name: ClientProperties_Id_seq; Type: SEQUENCE; Schema: public; Owner: workshopuser
--

ALTER TABLE public."ClientProperties" ALTER COLUMN "Id" ADD GENERATED BY DEFAULT AS IDENTITY (
    SEQUENCE NAME public."ClientProperties_Id_seq"
    START WITH 1
    INCREMENT BY 1
    NO MINVALUE
    NO MAXVALUE
    CACHE 1
);


--
-- TOC entry 236 (class 1259 OID 16642)
-- Name: ClientRedirectUris; Type: TABLE; Schema: public; Owner: workshopuser
--

CREATE TABLE public."ClientRedirectUris" (
    "Id" integer NOT NULL,
    "RedirectUri" character varying(2000) NOT NULL,
    "ClientId" integer NOT NULL
);


ALTER TABLE public."ClientRedirectUris" OWNER TO workshopuser;

--
-- TOC entry 235 (class 1259 OID 16640)
-- Name: ClientRedirectUris_Id_seq; Type: SEQUENCE; Schema: public; Owner: workshopuser
--

ALTER TABLE public."ClientRedirectUris" ALTER COLUMN "Id" ADD GENERATED BY DEFAULT AS IDENTITY (
    SEQUENCE NAME public."ClientRedirectUris_Id_seq"
    START WITH 1
    INCREMENT BY 1
    NO MINVALUE
    NO MAXVALUE
    CACHE 1
);


--
-- TOC entry 238 (class 1259 OID 16657)
-- Name: ClientScopes; Type: TABLE; Schema: public; Owner: workshopuser
--

CREATE TABLE public."ClientScopes" (
    "Id" integer NOT NULL,
    "Scope" character varying(200) NOT NULL,
    "ClientId" integer NOT NULL
);


ALTER TABLE public."ClientScopes" OWNER TO workshopuser;

--
-- TOC entry 237 (class 1259 OID 16655)
-- Name: ClientScopes_Id_seq; Type: SEQUENCE; Schema: public; Owner: workshopuser
--

ALTER TABLE public."ClientScopes" ALTER COLUMN "Id" ADD GENERATED BY DEFAULT AS IDENTITY (
    SEQUENCE NAME public."ClientScopes_Id_seq"
    START WITH 1
    INCREMENT BY 1
    NO MINVALUE
    NO MAXVALUE
    CACHE 1
);


--
-- TOC entry 240 (class 1259 OID 16669)
-- Name: ClientSecrets; Type: TABLE; Schema: public; Owner: workshopuser
--

CREATE TABLE public."ClientSecrets" (
    "Id" integer NOT NULL,
    "ClientId" integer NOT NULL,
    "Description" character varying(2000),
    "Value" character varying(4000) NOT NULL,
    "Expiration" timestamp with time zone,
    "Type" character varying(250) NOT NULL,
    "Created" timestamp with time zone NOT NULL
);


ALTER TABLE public."ClientSecrets" OWNER TO workshopuser;

--
-- TOC entry 239 (class 1259 OID 16667)
-- Name: ClientSecrets_Id_seq; Type: SEQUENCE; Schema: public; Owner: workshopuser
--

ALTER TABLE public."ClientSecrets" ALTER COLUMN "Id" ADD GENERATED BY DEFAULT AS IDENTITY (
    SEQUENCE NAME public."ClientSecrets_Id_seq"
    START WITH 1
    INCREMENT BY 1
    NO MINVALUE
    NO MAXVALUE
    CACHE 1
);


--
-- TOC entry 208 (class 1259 OID 16460)
-- Name: Clients; Type: TABLE; Schema: public; Owner: workshopuser
--

CREATE TABLE public."Clients" (
    "Id" integer NOT NULL,
    "Enabled" boolean NOT NULL,
    "ClientId" character varying(200) NOT NULL,
    "ProtocolType" character varying(200) NOT NULL,
    "RequireClientSecret" boolean NOT NULL,
    "ClientName" character varying(200),
    "Description" character varying(1000),
    "ClientUri" character varying(2000),
    "LogoUri" character varying(2000),
    "RequireConsent" boolean NOT NULL,
    "AllowRememberConsent" boolean NOT NULL,
    "AlwaysIncludeUserClaimsInIdToken" boolean NOT NULL,
    "RequirePkce" boolean NOT NULL,
    "AllowPlainTextPkce" boolean NOT NULL,
    "RequireRequestObject" boolean NOT NULL,
    "AllowAccessTokensViaBrowser" boolean NOT NULL,
    "FrontChannelLogoutUri" character varying(2000),
    "FrontChannelLogoutSessionRequired" boolean NOT NULL,
    "BackChannelLogoutUri" character varying(2000),
    "BackChannelLogoutSessionRequired" boolean NOT NULL,
    "AllowOfflineAccess" boolean NOT NULL,
    "IdentityTokenLifetime" integer NOT NULL,
    "AllowedIdentityTokenSigningAlgorithms" character varying(100),
    "AccessTokenLifetime" integer NOT NULL,
    "AuthorizationCodeLifetime" integer NOT NULL,
    "ConsentLifetime" integer,
    "AbsoluteRefreshTokenLifetime" integer NOT NULL,
    "SlidingRefreshTokenLifetime" integer NOT NULL,
    "RefreshTokenUsage" integer NOT NULL,
    "UpdateAccessTokenClaimsOnRefresh" boolean NOT NULL,
    "RefreshTokenExpiration" integer NOT NULL,
    "AccessTokenType" integer NOT NULL,
    "EnableLocalLogin" boolean NOT NULL,
    "IncludeJwtId" boolean NOT NULL,
    "AlwaysSendClientClaims" boolean NOT NULL,
    "ClientClaimsPrefix" character varying(200),
    "PairWiseSubjectSalt" character varying(200),
    "Created" timestamp with time zone NOT NULL,
    "Updated" timestamp with time zone,
    "LastAccessed" timestamp with time zone,
    "UserSsoLifetime" integer,
    "UserCodeType" character varying(100),
    "DeviceCodeLifetime" integer NOT NULL,
    "NonEditable" boolean NOT NULL
);


ALTER TABLE public."Clients" OWNER TO workshopuser;

--
-- TOC entry 207 (class 1259 OID 16458)
-- Name: Clients_Id_seq; Type: SEQUENCE; Schema: public; Owner: workshopuser
--

ALTER TABLE public."Clients" ALTER COLUMN "Id" ADD GENERATED BY DEFAULT AS IDENTITY (
    SEQUENCE NAME public."Clients_Id_seq"
    START WITH 1
    INCREMENT BY 1
    NO MINVALUE
    NO MAXVALUE
    CACHE 1
);


--
-- TOC entry 201 (class 1259 OID 16417)
-- Name: DeviceCodes; Type: TABLE; Schema: public; Owner: workshopuser
--

CREATE TABLE public."DeviceCodes" (
    "UserCode" character varying(200) NOT NULL,
    "DeviceCode" character varying(200) NOT NULL,
    "SubjectId" character varying(200),
    "SessionId" character varying(100),
    "ClientId" character varying(200) NOT NULL,
    "Description" character varying(200),
    "CreationTime" timestamp with time zone NOT NULL,
    "Expiration" timestamp with time zone NOT NULL,
    "Data" character varying(50000) NOT NULL
);


ALTER TABLE public."DeviceCodes" OWNER TO workshopuser;

--
-- TOC entry 242 (class 1259 OID 16684)
-- Name: IdentityResourceClaims; Type: TABLE; Schema: public; Owner: workshopuser
--

CREATE TABLE public."IdentityResourceClaims" (
    "Id" integer NOT NULL,
    "IdentityResourceId" integer NOT NULL,
    "Type" character varying(200) NOT NULL
);


ALTER TABLE public."IdentityResourceClaims" OWNER TO workshopuser;

--
-- TOC entry 241 (class 1259 OID 16682)
-- Name: IdentityResourceClaims_Id_seq; Type: SEQUENCE; Schema: public; Owner: workshopuser
--

ALTER TABLE public."IdentityResourceClaims" ALTER COLUMN "Id" ADD GENERATED BY DEFAULT AS IDENTITY (
    SEQUENCE NAME public."IdentityResourceClaims_Id_seq"
    START WITH 1
    INCREMENT BY 1
    NO MINVALUE
    NO MAXVALUE
    CACHE 1
);


--
-- TOC entry 244 (class 1259 OID 16696)
-- Name: IdentityResourceProperties; Type: TABLE; Schema: public; Owner: workshopuser
--

CREATE TABLE public."IdentityResourceProperties" (
    "Id" integer NOT NULL,
    "IdentityResourceId" integer NOT NULL,
    "Key" character varying(250) NOT NULL,
    "Value" character varying(2000) NOT NULL
);


ALTER TABLE public."IdentityResourceProperties" OWNER TO workshopuser;

--
-- TOC entry 243 (class 1259 OID 16694)
-- Name: IdentityResourceProperties_Id_seq; Type: SEQUENCE; Schema: public; Owner: workshopuser
--

ALTER TABLE public."IdentityResourceProperties" ALTER COLUMN "Id" ADD GENERATED BY DEFAULT AS IDENTITY (
    SEQUENCE NAME public."IdentityResourceProperties_Id_seq"
    START WITH 1
    INCREMENT BY 1
    NO MINVALUE
    NO MAXVALUE
    CACHE 1
);


--
-- TOC entry 210 (class 1259 OID 16470)
-- Name: IdentityResources; Type: TABLE; Schema: public; Owner: workshopuser
--

CREATE TABLE public."IdentityResources" (
    "Id" integer NOT NULL,
    "Enabled" boolean NOT NULL,
    "Name" character varying(200) NOT NULL,
    "DisplayName" character varying(200),
    "Description" character varying(1000),
    "Required" boolean NOT NULL,
    "Emphasize" boolean NOT NULL,
    "ShowInDiscoveryDocument" boolean NOT NULL,
    "Created" timestamp with time zone NOT NULL,
    "Updated" timestamp with time zone,
    "NonEditable" boolean NOT NULL
);


ALTER TABLE public."IdentityResources" OWNER TO workshopuser;

--
-- TOC entry 209 (class 1259 OID 16468)
-- Name: IdentityResources_Id_seq; Type: SEQUENCE; Schema: public; Owner: workshopuser
--

ALTER TABLE public."IdentityResources" ALTER COLUMN "Id" ADD GENERATED BY DEFAULT AS IDENTITY (
    SEQUENCE NAME public."IdentityResources_Id_seq"
    START WITH 1
    INCREMENT BY 1
    NO MINVALUE
    NO MAXVALUE
    CACHE 1
);


--
-- TOC entry 202 (class 1259 OID 16425)
-- Name: PersistedGrants; Type: TABLE; Schema: public; Owner: workshopuser
--

CREATE TABLE public."PersistedGrants" (
    "Key" character varying(200) NOT NULL,
    "Type" character varying(50) NOT NULL,
    "SubjectId" character varying(200),
    "SessionId" character varying(100),
    "ClientId" character varying(200) NOT NULL,
    "Description" character varying(200),
    "CreationTime" timestamp with time zone NOT NULL,
    "Expiration" timestamp with time zone,
    "ConsumedTime" timestamp with time zone,
    "Data" character varying(50000) NOT NULL
);


ALTER TABLE public."PersistedGrants" OWNER TO workshopuser;

--
-- TOC entry 200 (class 1259 OID 16412)
-- Name: __EFMigrationsHistory; Type: TABLE; Schema: public; Owner: workshopuser
--

CREATE TABLE public."__EFMigrationsHistory" (
    "MigrationId" character varying(150) NOT NULL,
    "ProductVersion" character varying(32) NOT NULL
);


ALTER TABLE public."__EFMigrationsHistory" OWNER TO workshopuser;

--
-- TOC entry 3249 (class 0 OID 16480)
-- Dependencies: 212
-- Data for Name: ApiResourceClaims; Type: TABLE DATA; Schema: public; Owner: workshopuser
--

COPY public."ApiResourceClaims" ("Id", "ApiResourceId", "Type") FROM stdin;
1	1	role
2	2	role
3	3	role
4	4	role
\.


--
-- TOC entry 3251 (class 0 OID 16492)
-- Dependencies: 214
-- Data for Name: ApiResourceProperties; Type: TABLE DATA; Schema: public; Owner: workshopuser
--

COPY public."ApiResourceProperties" ("Id", "ApiResourceId", "Key", "Value") FROM stdin;
\.


--
-- TOC entry 3253 (class 0 OID 16507)
-- Dependencies: 216
-- Data for Name: ApiResourceScopes; Type: TABLE DATA; Schema: public; Owner: workshopuser
--

COPY public."ApiResourceScopes" ("Id", "Scope", "ApiResourceId") FROM stdin;
\.


--
-- TOC entry 3255 (class 0 OID 16519)
-- Dependencies: 218
-- Data for Name: ApiResourceSecrets; Type: TABLE DATA; Schema: public; Owner: workshopuser
--

COPY public."ApiResourceSecrets" ("Id", "ApiResourceId", "Description", "Value", "Expiration", "Type", "Created") FROM stdin;
1	1	\N	DbsYVAAscQ1HaJn5nUwONjP7UzJJclRpWGn/GKOKSw8=	\N	SharedSecret	2022-08-17 07:56:35.836735+00
2	2	\N	DbsYVAAscQ1HaJn5nUwONjP7UzJJclRpWGn/GKOKSw8=	\N	SharedSecret	2022-08-17 07:56:35.882952+00
3	3	\N	DbsYVAAscQ1HaJn5nUwONjP7UzJJclRpWGn/GKOKSw8=	\N	SharedSecret	2022-08-17 07:56:35.883081+00
4	4	\N	DbsYVAAscQ1HaJn5nUwONjP7UzJJclRpWGn/GKOKSw8=	\N	SharedSecret	2022-08-17 07:56:35.883141+00
\.


--
-- TOC entry 3241 (class 0 OID 16440)
-- Dependencies: 204
-- Data for Name: ApiResources; Type: TABLE DATA; Schema: public; Owner: workshopuser
--

COPY public."ApiResources" ("Id", "Enabled", "Name", "DisplayName", "Description", "AllowedAccessTokenSigningAlgorithms", "ShowInDiscoveryDocument", "Created", "Updated", "LastAccessed", "NonEditable") FROM stdin;
1	t	ConfirmTransactions	ConfirmTransactions	\N	\N	t	2022-08-17 07:56:35.836377+00	\N	\N	f
2	t	Users	Users	\N	\N	t	2022-08-17 07:56:35.882946+00	\N	\N	f
3	t	Items	Items	\N	\N	t	2022-08-17 07:56:35.883079+00	\N	\N	f
4	t	Transactions	Transactions	\N	\N	t	2022-08-17 07:56:35.88314+00	\N	\N	f
\.


--
-- TOC entry 3257 (class 0 OID 16534)
-- Dependencies: 220
-- Data for Name: ApiScopeClaims; Type: TABLE DATA; Schema: public; Owner: workshopuser
--

COPY public."ApiScopeClaims" ("Id", "ScopeId", "Type") FROM stdin;
\.


--
-- TOC entry 3259 (class 0 OID 16546)
-- Dependencies: 222
-- Data for Name: ApiScopeProperties; Type: TABLE DATA; Schema: public; Owner: workshopuser
--

COPY public."ApiScopeProperties" ("Id", "ScopeId", "Key", "Value") FROM stdin;
\.


--
-- TOC entry 3243 (class 0 OID 16450)
-- Dependencies: 206
-- Data for Name: ApiScopes; Type: TABLE DATA; Schema: public; Owner: workshopuser
--

COPY public."ApiScopes" ("Id", "Enabled", "Name", "DisplayName", "Description", "Required", "Emphasize", "ShowInDiscoveryDocument") FROM stdin;
1	t	ConfirmTransactions	ConfirmTransactions	\N	f	f	t
2	t	Users	Users	\N	f	f	t
3	t	Items	Items	\N	f	f	t
4	t	Transactions	Transactions	\N	f	f	t
\.


--
-- TOC entry 3285 (class 0 OID 16749)
-- Dependencies: 248
-- Data for Name: AspNetRoleClaims; Type: TABLE DATA; Schema: public; Owner: workshopuser
--

COPY public."AspNetRoleClaims" ("Id", "RoleId", "ClaimType", "ClaimValue") FROM stdin;
\.


--
-- TOC entry 3282 (class 0 OID 16731)
-- Dependencies: 245
-- Data for Name: AspNetRoles; Type: TABLE DATA; Schema: public; Owner: workshopuser
--

COPY public."AspNetRoles" ("Id", "Name", "NormalizedName", "ConcurrencyStamp") FROM stdin;
\.


--
-- TOC entry 3287 (class 0 OID 16764)
-- Dependencies: 250
-- Data for Name: AspNetUserClaims; Type: TABLE DATA; Schema: public; Owner: workshopuser
--

COPY public."AspNetUserClaims" ("Id", "UserId", "ClaimType", "ClaimValue") FROM stdin;
1	a3a49002-8dec-4c7d-97cb-2a92f3706730	name	Alice Smith
2	a3a49002-8dec-4c7d-97cb-2a92f3706730	given_name	Alice
3	a3a49002-8dec-4c7d-97cb-2a92f3706730	family_name	Smith
4	a3a49002-8dec-4c7d-97cb-2a92f3706730	website	http://alice.com
\.


--
-- TOC entry 3288 (class 0 OID 16777)
-- Dependencies: 251
-- Data for Name: AspNetUserLogins; Type: TABLE DATA; Schema: public; Owner: workshopuser
--

COPY public."AspNetUserLogins" ("LoginProvider", "ProviderKey", "ProviderDisplayName", "UserId") FROM stdin;
\.


--
-- TOC entry 3289 (class 0 OID 16790)
-- Dependencies: 252
-- Data for Name: AspNetUserRoles; Type: TABLE DATA; Schema: public; Owner: workshopuser
--

COPY public."AspNetUserRoles" ("UserId", "RoleId") FROM stdin;
\.


--
-- TOC entry 3290 (class 0 OID 16808)
-- Dependencies: 253
-- Data for Name: AspNetUserTokens; Type: TABLE DATA; Schema: public; Owner: workshopuser
--

COPY public."AspNetUserTokens" ("UserId", "LoginProvider", "Name", "Value") FROM stdin;
\.


--
-- TOC entry 3283 (class 0 OID 16739)
-- Dependencies: 246
-- Data for Name: AspNetUsers; Type: TABLE DATA; Schema: public; Owner: workshopuser
--

COPY public."AspNetUsers" ("Id", "UserName", "NormalizedUserName", "Email", "NormalizedEmail", "EmailConfirmed", "PasswordHash", "SecurityStamp", "ConcurrencyStamp", "PhoneNumber", "PhoneNumberConfirmed", "TwoFactorEnabled", "LockoutEnd", "LockoutEnabled", "AccessFailedCount") FROM stdin;
a3a49002-8dec-4c7d-97cb-2a92f3706730	alice	ALICE	AliceSmith@email.com	ALICESMITH@EMAIL.COM	t	AQAAAAEAACcQAAAAEOafjRvv2B19Rn47YqQLVFsu+hNdX044pBgnYWLdwpmd/cbdnB925pkRecbwJARagA==	2BYXOAMVBRDSKNSQGJCRKJ3O27GE43X7	b0867663-c498-492b-9b42-ec0ee8e20072	\N	f	f	\N	t	0
\.


--
-- TOC entry 3261 (class 0 OID 16561)
-- Dependencies: 224
-- Data for Name: ClientClaims; Type: TABLE DATA; Schema: public; Owner: workshopuser
--

COPY public."ClientClaims" ("Id", "Type", "Value", "ClientId") FROM stdin;
\.


--
-- TOC entry 3263 (class 0 OID 16576)
-- Dependencies: 226
-- Data for Name: ClientCorsOrigins; Type: TABLE DATA; Schema: public; Owner: workshopuser
--

COPY public."ClientCorsOrigins" ("Id", "Origin", "ClientId") FROM stdin;
\.


--
-- TOC entry 3265 (class 0 OID 16588)
-- Dependencies: 228
-- Data for Name: ClientGrantTypes; Type: TABLE DATA; Schema: public; Owner: workshopuser
--

COPY public."ClientGrantTypes" ("Id", "GrantType", "ClientId") FROM stdin;
1	client_credentials	1
2	authorization_code	2
\.


--
-- TOC entry 3267 (class 0 OID 16600)
-- Dependencies: 230
-- Data for Name: ClientIdPRestrictions; Type: TABLE DATA; Schema: public; Owner: workshopuser
--

COPY public."ClientIdPRestrictions" ("Id", "Provider", "ClientId") FROM stdin;
\.


--
-- TOC entry 3269 (class 0 OID 16612)
-- Dependencies: 232
-- Data for Name: ClientPostLogoutRedirectUris; Type: TABLE DATA; Schema: public; Owner: workshopuser
--

COPY public."ClientPostLogoutRedirectUris" ("Id", "PostLogoutRedirectUri", "ClientId") FROM stdin;
1	https://localhost:5444/signout-callback-oidc	2
\.


--
-- TOC entry 3271 (class 0 OID 16627)
-- Dependencies: 234
-- Data for Name: ClientProperties; Type: TABLE DATA; Schema: public; Owner: workshopuser
--

COPY public."ClientProperties" ("Id", "ClientId", "Key", "Value") FROM stdin;
\.


--
-- TOC entry 3273 (class 0 OID 16642)
-- Dependencies: 236
-- Data for Name: ClientRedirectUris; Type: TABLE DATA; Schema: public; Owner: workshopuser
--

COPY public."ClientRedirectUris" ("Id", "RedirectUri", "ClientId") FROM stdin;
1	https://localhost:5444/signin-oidc	2
\.


--
-- TOC entry 3275 (class 0 OID 16657)
-- Dependencies: 238
-- Data for Name: ClientScopes; Type: TABLE DATA; Schema: public; Owner: workshopuser
--

COPY public."ClientScopes" ("Id", "Scope", "ClientId") FROM stdin;
1	ConfirmTransactions	1
2	Users	1
3	Items	1
4	Transactions	1
5	openid	2
6	profile	2
7	ConfirmTransactions	2
\.


--
-- TOC entry 3277 (class 0 OID 16669)
-- Dependencies: 240
-- Data for Name: ClientSecrets; Type: TABLE DATA; Schema: public; Owner: workshopuser
--

COPY public."ClientSecrets" ("Id", "ClientId", "Description", "Value", "Expiration", "Type", "Created") FROM stdin;
1	1	\N	jKGHySpqOJJzXKn9zFr5H09CPujNpVAVgZLP5CGSRq0=	\N	SharedSecret	2022-08-17 07:56:35.132395+00
2	2	\N	jKGHySpqOJJzXKn9zFr5H09CPujNpVAVgZLP5CGSRq0=	\N	SharedSecret	2022-08-17 07:56:35.372405+00
\.


--
-- TOC entry 3245 (class 0 OID 16460)
-- Dependencies: 208
-- Data for Name: Clients; Type: TABLE DATA; Schema: public; Owner: workshopuser
--

COPY public."Clients" ("Id", "Enabled", "ClientId", "ProtocolType", "RequireClientSecret", "ClientName", "Description", "ClientUri", "LogoUri", "RequireConsent", "AllowRememberConsent", "AlwaysIncludeUserClaimsInIdToken", "RequirePkce", "AllowPlainTextPkce", "RequireRequestObject", "AllowAccessTokensViaBrowser", "FrontChannelLogoutUri", "FrontChannelLogoutSessionRequired", "BackChannelLogoutUri", "BackChannelLogoutSessionRequired", "AllowOfflineAccess", "IdentityTokenLifetime", "AllowedIdentityTokenSigningAlgorithms", "AccessTokenLifetime", "AuthorizationCodeLifetime", "ConsentLifetime", "AbsoluteRefreshTokenLifetime", "SlidingRefreshTokenLifetime", "RefreshTokenUsage", "UpdateAccessTokenClaimsOnRefresh", "RefreshTokenExpiration", "AccessTokenType", "EnableLocalLogin", "IncludeJwtId", "AlwaysSendClientClaims", "ClientClaimsPrefix", "PairWiseSubjectSalt", "Created", "Updated", "LastAccessed", "UserSsoLifetime", "UserCodeType", "DeviceCodeLifetime", "NonEditable") FROM stdin;
1	t	m2m.client	oidc	t	Client Credentials Client	\N	\N	\N	f	t	f	t	f	f	f	\N	t	\N	t	f	300	\N	3600	300	\N	2592000	1296000	1	f	1	0	t	t	f	client_	\N	2022-08-17 07:56:35.131814+00	\N	\N	\N	\N	300	f
2	t	interactive	oidc	t	\N	\N	\N	\N	t	t	f	t	f	f	f	https://localhost:5444/signout-oidc	t	\N	t	t	300	\N	3600	300	\N	2592000	1296000	1	f	1	0	t	t	f	client_	\N	2022-08-17 07:56:35.3724+00	\N	\N	\N	\N	300	f
\.


--
-- TOC entry 3238 (class 0 OID 16417)
-- Dependencies: 201
-- Data for Name: DeviceCodes; Type: TABLE DATA; Schema: public; Owner: workshopuser
--

COPY public."DeviceCodes" ("UserCode", "DeviceCode", "SubjectId", "SessionId", "ClientId", "Description", "CreationTime", "Expiration", "Data") FROM stdin;
\.


--
-- TOC entry 3279 (class 0 OID 16684)
-- Dependencies: 242
-- Data for Name: IdentityResourceClaims; Type: TABLE DATA; Schema: public; Owner: workshopuser
--

COPY public."IdentityResourceClaims" ("Id", "IdentityResourceId", "Type") FROM stdin;
1	1	sub
2	2	name
3	2	family_name
4	2	given_name
5	2	middle_name
6	2	nickname
7	2	preferred_username
8	2	profile
9	2	picture
10	2	website
11	2	gender
12	2	birthdate
13	2	zoneinfo
14	2	locale
15	2	updated_at
16	3	role
\.


--
-- TOC entry 3281 (class 0 OID 16696)
-- Dependencies: 244
-- Data for Name: IdentityResourceProperties; Type: TABLE DATA; Schema: public; Owner: workshopuser
--

COPY public."IdentityResourceProperties" ("Id", "IdentityResourceId", "Key", "Value") FROM stdin;
\.


--
-- TOC entry 3247 (class 0 OID 16470)
-- Dependencies: 210
-- Data for Name: IdentityResources; Type: TABLE DATA; Schema: public; Owner: workshopuser
--

COPY public."IdentityResources" ("Id", "Enabled", "Name", "DisplayName", "Description", "Required", "Emphasize", "ShowInDiscoveryDocument", "Created", "Updated", "NonEditable") FROM stdin;
1	t	openid	Your user identifier	\N	t	f	t	2022-08-17 07:56:35.654893+00	\N	f
2	t	profile	User profile	Your user profile information (first name, last name, etc.)	f	t	t	2022-08-17 07:56:35.688572+00	\N	f
3	t	role	\N	\N	f	f	t	2022-08-17 07:56:35.695707+00	\N	f
\.


--
-- TOC entry 3239 (class 0 OID 16425)
-- Dependencies: 202
-- Data for Name: PersistedGrants; Type: TABLE DATA; Schema: public; Owner: workshopuser
--

COPY public."PersistedGrants" ("Key", "Type", "SubjectId", "SessionId", "ClientId", "Description", "CreationTime", "Expiration", "ConsumedTime", "Data") FROM stdin;
\.


--
-- TOC entry 3237 (class 0 OID 16412)
-- Dependencies: 200
-- Data for Name: __EFMigrationsHistory; Type: TABLE DATA; Schema: public; Owner: workshopuser
--

COPY public."__EFMigrationsHistory" ("MigrationId", "ProductVersion") FROM stdin;
20220817065114_InitialIdentityServerMigration	6.0.7
20220817065330_InitialIdentityServerMigration	6.0.7
20220817071006_InitialAspNetIdentityMigration	6.0.7
\.


--
-- TOC entry 3296 (class 0 OID 0)
-- Dependencies: 211
-- Name: ApiResourceClaims_Id_seq; Type: SEQUENCE SET; Schema: public; Owner: workshopuser
--

SELECT pg_catalog.setval('public."ApiResourceClaims_Id_seq"', 4, true);


--
-- TOC entry 3297 (class 0 OID 0)
-- Dependencies: 213
-- Name: ApiResourceProperties_Id_seq; Type: SEQUENCE SET; Schema: public; Owner: workshopuser
--

SELECT pg_catalog.setval('public."ApiResourceProperties_Id_seq"', 1, false);


--
-- TOC entry 3298 (class 0 OID 0)
-- Dependencies: 215
-- Name: ApiResourceScopes_Id_seq; Type: SEQUENCE SET; Schema: public; Owner: workshopuser
--

SELECT pg_catalog.setval('public."ApiResourceScopes_Id_seq"', 1, false);


--
-- TOC entry 3299 (class 0 OID 0)
-- Dependencies: 217
-- Name: ApiResourceSecrets_Id_seq; Type: SEQUENCE SET; Schema: public; Owner: workshopuser
--

SELECT pg_catalog.setval('public."ApiResourceSecrets_Id_seq"', 4, true);


--
-- TOC entry 3300 (class 0 OID 0)
-- Dependencies: 203
-- Name: ApiResources_Id_seq; Type: SEQUENCE SET; Schema: public; Owner: workshopuser
--

SELECT pg_catalog.setval('public."ApiResources_Id_seq"', 4, true);


--
-- TOC entry 3301 (class 0 OID 0)
-- Dependencies: 219
-- Name: ApiScopeClaims_Id_seq; Type: SEQUENCE SET; Schema: public; Owner: workshopuser
--

SELECT pg_catalog.setval('public."ApiScopeClaims_Id_seq"', 1, false);


--
-- TOC entry 3302 (class 0 OID 0)
-- Dependencies: 221
-- Name: ApiScopeProperties_Id_seq; Type: SEQUENCE SET; Schema: public; Owner: workshopuser
--

SELECT pg_catalog.setval('public."ApiScopeProperties_Id_seq"', 1, false);


--
-- TOC entry 3303 (class 0 OID 0)
-- Dependencies: 205
-- Name: ApiScopes_Id_seq; Type: SEQUENCE SET; Schema: public; Owner: workshopuser
--

SELECT pg_catalog.setval('public."ApiScopes_Id_seq"', 4, true);


--
-- TOC entry 3304 (class 0 OID 0)
-- Dependencies: 247
-- Name: AspNetRoleClaims_Id_seq; Type: SEQUENCE SET; Schema: public; Owner: workshopuser
--

SELECT pg_catalog.setval('public."AspNetRoleClaims_Id_seq"', 1, false);


--
-- TOC entry 3305 (class 0 OID 0)
-- Dependencies: 249
-- Name: AspNetUserClaims_Id_seq; Type: SEQUENCE SET; Schema: public; Owner: workshopuser
--

SELECT pg_catalog.setval('public."AspNetUserClaims_Id_seq"', 4, true);


--
-- TOC entry 3306 (class 0 OID 0)
-- Dependencies: 223
-- Name: ClientClaims_Id_seq; Type: SEQUENCE SET; Schema: public; Owner: workshopuser
--

SELECT pg_catalog.setval('public."ClientClaims_Id_seq"', 1, false);


--
-- TOC entry 3307 (class 0 OID 0)
-- Dependencies: 225
-- Name: ClientCorsOrigins_Id_seq; Type: SEQUENCE SET; Schema: public; Owner: workshopuser
--

SELECT pg_catalog.setval('public."ClientCorsOrigins_Id_seq"', 1, false);


--
-- TOC entry 3308 (class 0 OID 0)
-- Dependencies: 227
-- Name: ClientGrantTypes_Id_seq; Type: SEQUENCE SET; Schema: public; Owner: workshopuser
--

SELECT pg_catalog.setval('public."ClientGrantTypes_Id_seq"', 2, true);


--
-- TOC entry 3309 (class 0 OID 0)
-- Dependencies: 229
-- Name: ClientIdPRestrictions_Id_seq; Type: SEQUENCE SET; Schema: public; Owner: workshopuser
--

SELECT pg_catalog.setval('public."ClientIdPRestrictions_Id_seq"', 1, false);


--
-- TOC entry 3310 (class 0 OID 0)
-- Dependencies: 231
-- Name: ClientPostLogoutRedirectUris_Id_seq; Type: SEQUENCE SET; Schema: public; Owner: workshopuser
--

SELECT pg_catalog.setval('public."ClientPostLogoutRedirectUris_Id_seq"', 1, true);


--
-- TOC entry 3311 (class 0 OID 0)
-- Dependencies: 233
-- Name: ClientProperties_Id_seq; Type: SEQUENCE SET; Schema: public; Owner: workshopuser
--

SELECT pg_catalog.setval('public."ClientProperties_Id_seq"', 1, false);


--
-- TOC entry 3312 (class 0 OID 0)
-- Dependencies: 235
-- Name: ClientRedirectUris_Id_seq; Type: SEQUENCE SET; Schema: public; Owner: workshopuser
--

SELECT pg_catalog.setval('public."ClientRedirectUris_Id_seq"', 1, true);


--
-- TOC entry 3313 (class 0 OID 0)
-- Dependencies: 237
-- Name: ClientScopes_Id_seq; Type: SEQUENCE SET; Schema: public; Owner: workshopuser
--

SELECT pg_catalog.setval('public."ClientScopes_Id_seq"', 7, true);


--
-- TOC entry 3314 (class 0 OID 0)
-- Dependencies: 239
-- Name: ClientSecrets_Id_seq; Type: SEQUENCE SET; Schema: public; Owner: workshopuser
--

SELECT pg_catalog.setval('public."ClientSecrets_Id_seq"', 2, true);


--
-- TOC entry 3315 (class 0 OID 0)
-- Dependencies: 207
-- Name: Clients_Id_seq; Type: SEQUENCE SET; Schema: public; Owner: workshopuser
--

SELECT pg_catalog.setval('public."Clients_Id_seq"', 2, true);


--
-- TOC entry 3316 (class 0 OID 0)
-- Dependencies: 241
-- Name: IdentityResourceClaims_Id_seq; Type: SEQUENCE SET; Schema: public; Owner: workshopuser
--

SELECT pg_catalog.setval('public."IdentityResourceClaims_Id_seq"', 16, true);


--
-- TOC entry 3317 (class 0 OID 0)
-- Dependencies: 243
-- Name: IdentityResourceProperties_Id_seq; Type: SEQUENCE SET; Schema: public; Owner: workshopuser
--

SELECT pg_catalog.setval('public."IdentityResourceProperties_Id_seq"', 1, false);


--
-- TOC entry 3318 (class 0 OID 0)
-- Dependencies: 209
-- Name: IdentityResources_Id_seq; Type: SEQUENCE SET; Schema: public; Owner: workshopuser
--

SELECT pg_catalog.setval('public."IdentityResources_Id_seq"', 3, true);


--
-- TOC entry 3014 (class 2606 OID 16484)
-- Name: ApiResourceClaims PK_ApiResourceClaims; Type: CONSTRAINT; Schema: public; Owner: workshopuser
--

ALTER TABLE ONLY public."ApiResourceClaims"
    ADD CONSTRAINT "PK_ApiResourceClaims" PRIMARY KEY ("Id");


--
-- TOC entry 3017 (class 2606 OID 16499)
-- Name: ApiResourceProperties PK_ApiResourceProperties; Type: CONSTRAINT; Schema: public; Owner: workshopuser
--

ALTER TABLE ONLY public."ApiResourceProperties"
    ADD CONSTRAINT "PK_ApiResourceProperties" PRIMARY KEY ("Id");


--
-- TOC entry 3020 (class 2606 OID 16511)
-- Name: ApiResourceScopes PK_ApiResourceScopes; Type: CONSTRAINT; Schema: public; Owner: workshopuser
--

ALTER TABLE ONLY public."ApiResourceScopes"
    ADD CONSTRAINT "PK_ApiResourceScopes" PRIMARY KEY ("Id");


--
-- TOC entry 3023 (class 2606 OID 16526)
-- Name: ApiResourceSecrets PK_ApiResourceSecrets; Type: CONSTRAINT; Schema: public; Owner: workshopuser
--

ALTER TABLE ONLY public."ApiResourceSecrets"
    ADD CONSTRAINT "PK_ApiResourceSecrets" PRIMARY KEY ("Id");


--
-- TOC entry 3002 (class 2606 OID 16447)
-- Name: ApiResources PK_ApiResources; Type: CONSTRAINT; Schema: public; Owner: workshopuser
--

ALTER TABLE ONLY public."ApiResources"
    ADD CONSTRAINT "PK_ApiResources" PRIMARY KEY ("Id");


--
-- TOC entry 3026 (class 2606 OID 16538)
-- Name: ApiScopeClaims PK_ApiScopeClaims; Type: CONSTRAINT; Schema: public; Owner: workshopuser
--

ALTER TABLE ONLY public."ApiScopeClaims"
    ADD CONSTRAINT "PK_ApiScopeClaims" PRIMARY KEY ("Id");


--
-- TOC entry 3029 (class 2606 OID 16553)
-- Name: ApiScopeProperties PK_ApiScopeProperties; Type: CONSTRAINT; Schema: public; Owner: workshopuser
--

ALTER TABLE ONLY public."ApiScopeProperties"
    ADD CONSTRAINT "PK_ApiScopeProperties" PRIMARY KEY ("Id");


--
-- TOC entry 3005 (class 2606 OID 16457)
-- Name: ApiScopes PK_ApiScopes; Type: CONSTRAINT; Schema: public; Owner: workshopuser
--

ALTER TABLE ONLY public."ApiScopes"
    ADD CONSTRAINT "PK_ApiScopes" PRIMARY KEY ("Id");


--
-- TOC entry 3072 (class 2606 OID 16756)
-- Name: AspNetRoleClaims PK_AspNetRoleClaims; Type: CONSTRAINT; Schema: public; Owner: workshopuser
--

ALTER TABLE ONLY public."AspNetRoleClaims"
    ADD CONSTRAINT "PK_AspNetRoleClaims" PRIMARY KEY ("Id");


--
-- TOC entry 3064 (class 2606 OID 16738)
-- Name: AspNetRoles PK_AspNetRoles; Type: CONSTRAINT; Schema: public; Owner: workshopuser
--

ALTER TABLE ONLY public."AspNetRoles"
    ADD CONSTRAINT "PK_AspNetRoles" PRIMARY KEY ("Id");


--
-- TOC entry 3075 (class 2606 OID 16771)
-- Name: AspNetUserClaims PK_AspNetUserClaims; Type: CONSTRAINT; Schema: public; Owner: workshopuser
--

ALTER TABLE ONLY public."AspNetUserClaims"
    ADD CONSTRAINT "PK_AspNetUserClaims" PRIMARY KEY ("Id");


--
-- TOC entry 3078 (class 2606 OID 16784)
-- Name: AspNetUserLogins PK_AspNetUserLogins; Type: CONSTRAINT; Schema: public; Owner: workshopuser
--

ALTER TABLE ONLY public."AspNetUserLogins"
    ADD CONSTRAINT "PK_AspNetUserLogins" PRIMARY KEY ("LoginProvider", "ProviderKey");


--
-- TOC entry 3081 (class 2606 OID 16797)
-- Name: AspNetUserRoles PK_AspNetUserRoles; Type: CONSTRAINT; Schema: public; Owner: workshopuser
--

ALTER TABLE ONLY public."AspNetUserRoles"
    ADD CONSTRAINT "PK_AspNetUserRoles" PRIMARY KEY ("UserId", "RoleId");


--
-- TOC entry 3083 (class 2606 OID 16815)
-- Name: AspNetUserTokens PK_AspNetUserTokens; Type: CONSTRAINT; Schema: public; Owner: workshopuser
--

ALTER TABLE ONLY public."AspNetUserTokens"
    ADD CONSTRAINT "PK_AspNetUserTokens" PRIMARY KEY ("UserId", "LoginProvider", "Name");


--
-- TOC entry 3068 (class 2606 OID 16746)
-- Name: AspNetUsers PK_AspNetUsers; Type: CONSTRAINT; Schema: public; Owner: workshopuser
--

ALTER TABLE ONLY public."AspNetUsers"
    ADD CONSTRAINT "PK_AspNetUsers" PRIMARY KEY ("Id");


--
-- TOC entry 3032 (class 2606 OID 16568)
-- Name: ClientClaims PK_ClientClaims; Type: CONSTRAINT; Schema: public; Owner: workshopuser
--

ALTER TABLE ONLY public."ClientClaims"
    ADD CONSTRAINT "PK_ClientClaims" PRIMARY KEY ("Id");


--
-- TOC entry 3035 (class 2606 OID 16580)
-- Name: ClientCorsOrigins PK_ClientCorsOrigins; Type: CONSTRAINT; Schema: public; Owner: workshopuser
--

ALTER TABLE ONLY public."ClientCorsOrigins"
    ADD CONSTRAINT "PK_ClientCorsOrigins" PRIMARY KEY ("Id");


--
-- TOC entry 3038 (class 2606 OID 16592)
-- Name: ClientGrantTypes PK_ClientGrantTypes; Type: CONSTRAINT; Schema: public; Owner: workshopuser
--

ALTER TABLE ONLY public."ClientGrantTypes"
    ADD CONSTRAINT "PK_ClientGrantTypes" PRIMARY KEY ("Id");


--
-- TOC entry 3041 (class 2606 OID 16604)
-- Name: ClientIdPRestrictions PK_ClientIdPRestrictions; Type: CONSTRAINT; Schema: public; Owner: workshopuser
--

ALTER TABLE ONLY public."ClientIdPRestrictions"
    ADD CONSTRAINT "PK_ClientIdPRestrictions" PRIMARY KEY ("Id");


--
-- TOC entry 3044 (class 2606 OID 16619)
-- Name: ClientPostLogoutRedirectUris PK_ClientPostLogoutRedirectUris; Type: CONSTRAINT; Schema: public; Owner: workshopuser
--

ALTER TABLE ONLY public."ClientPostLogoutRedirectUris"
    ADD CONSTRAINT "PK_ClientPostLogoutRedirectUris" PRIMARY KEY ("Id");


--
-- TOC entry 3047 (class 2606 OID 16634)
-- Name: ClientProperties PK_ClientProperties; Type: CONSTRAINT; Schema: public; Owner: workshopuser
--

ALTER TABLE ONLY public."ClientProperties"
    ADD CONSTRAINT "PK_ClientProperties" PRIMARY KEY ("Id");


--
-- TOC entry 3050 (class 2606 OID 16649)
-- Name: ClientRedirectUris PK_ClientRedirectUris; Type: CONSTRAINT; Schema: public; Owner: workshopuser
--

ALTER TABLE ONLY public."ClientRedirectUris"
    ADD CONSTRAINT "PK_ClientRedirectUris" PRIMARY KEY ("Id");


--
-- TOC entry 3053 (class 2606 OID 16661)
-- Name: ClientScopes PK_ClientScopes; Type: CONSTRAINT; Schema: public; Owner: workshopuser
--

ALTER TABLE ONLY public."ClientScopes"
    ADD CONSTRAINT "PK_ClientScopes" PRIMARY KEY ("Id");


--
-- TOC entry 3056 (class 2606 OID 16676)
-- Name: ClientSecrets PK_ClientSecrets; Type: CONSTRAINT; Schema: public; Owner: workshopuser
--

ALTER TABLE ONLY public."ClientSecrets"
    ADD CONSTRAINT "PK_ClientSecrets" PRIMARY KEY ("Id");


--
-- TOC entry 3008 (class 2606 OID 16467)
-- Name: Clients PK_Clients; Type: CONSTRAINT; Schema: public; Owner: workshopuser
--

ALTER TABLE ONLY public."Clients"
    ADD CONSTRAINT "PK_Clients" PRIMARY KEY ("Id");


--
-- TOC entry 2994 (class 2606 OID 16424)
-- Name: DeviceCodes PK_DeviceCodes; Type: CONSTRAINT; Schema: public; Owner: workshopuser
--

ALTER TABLE ONLY public."DeviceCodes"
    ADD CONSTRAINT "PK_DeviceCodes" PRIMARY KEY ("UserCode");


--
-- TOC entry 3059 (class 2606 OID 16688)
-- Name: IdentityResourceClaims PK_IdentityResourceClaims; Type: CONSTRAINT; Schema: public; Owner: workshopuser
--

ALTER TABLE ONLY public."IdentityResourceClaims"
    ADD CONSTRAINT "PK_IdentityResourceClaims" PRIMARY KEY ("Id");


--
-- TOC entry 3062 (class 2606 OID 16703)
-- Name: IdentityResourceProperties PK_IdentityResourceProperties; Type: CONSTRAINT; Schema: public; Owner: workshopuser
--

ALTER TABLE ONLY public."IdentityResourceProperties"
    ADD CONSTRAINT "PK_IdentityResourceProperties" PRIMARY KEY ("Id");


--
-- TOC entry 3011 (class 2606 OID 16477)
-- Name: IdentityResources PK_IdentityResources; Type: CONSTRAINT; Schema: public; Owner: workshopuser
--

ALTER TABLE ONLY public."IdentityResources"
    ADD CONSTRAINT "PK_IdentityResources" PRIMARY KEY ("Id");


--
-- TOC entry 2999 (class 2606 OID 16432)
-- Name: PersistedGrants PK_PersistedGrants; Type: CONSTRAINT; Schema: public; Owner: workshopuser
--

ALTER TABLE ONLY public."PersistedGrants"
    ADD CONSTRAINT "PK_PersistedGrants" PRIMARY KEY ("Key");


--
-- TOC entry 2990 (class 2606 OID 16416)
-- Name: __EFMigrationsHistory PK___EFMigrationsHistory; Type: CONSTRAINT; Schema: public; Owner: workshopuser
--

ALTER TABLE ONLY public."__EFMigrationsHistory"
    ADD CONSTRAINT "PK___EFMigrationsHistory" PRIMARY KEY ("MigrationId");


--
-- TOC entry 3066 (class 1259 OID 16826)
-- Name: EmailIndex; Type: INDEX; Schema: public; Owner: workshopuser
--

CREATE INDEX "EmailIndex" ON public."AspNetUsers" USING btree ("NormalizedEmail");


--
-- TOC entry 3012 (class 1259 OID 16709)
-- Name: IX_ApiResourceClaims_ApiResourceId; Type: INDEX; Schema: public; Owner: workshopuser
--

CREATE INDEX "IX_ApiResourceClaims_ApiResourceId" ON public."ApiResourceClaims" USING btree ("ApiResourceId");


--
-- TOC entry 3015 (class 1259 OID 16710)
-- Name: IX_ApiResourceProperties_ApiResourceId; Type: INDEX; Schema: public; Owner: workshopuser
--

CREATE INDEX "IX_ApiResourceProperties_ApiResourceId" ON public."ApiResourceProperties" USING btree ("ApiResourceId");


--
-- TOC entry 3018 (class 1259 OID 16712)
-- Name: IX_ApiResourceScopes_ApiResourceId; Type: INDEX; Schema: public; Owner: workshopuser
--

CREATE INDEX "IX_ApiResourceScopes_ApiResourceId" ON public."ApiResourceScopes" USING btree ("ApiResourceId");


--
-- TOC entry 3021 (class 1259 OID 16713)
-- Name: IX_ApiResourceSecrets_ApiResourceId; Type: INDEX; Schema: public; Owner: workshopuser
--

CREATE INDEX "IX_ApiResourceSecrets_ApiResourceId" ON public."ApiResourceSecrets" USING btree ("ApiResourceId");


--
-- TOC entry 3000 (class 1259 OID 16711)
-- Name: IX_ApiResources_Name; Type: INDEX; Schema: public; Owner: workshopuser
--

CREATE UNIQUE INDEX "IX_ApiResources_Name" ON public."ApiResources" USING btree ("Name");


--
-- TOC entry 3024 (class 1259 OID 16714)
-- Name: IX_ApiScopeClaims_ScopeId; Type: INDEX; Schema: public; Owner: workshopuser
--

CREATE INDEX "IX_ApiScopeClaims_ScopeId" ON public."ApiScopeClaims" USING btree ("ScopeId");


--
-- TOC entry 3027 (class 1259 OID 16715)
-- Name: IX_ApiScopeProperties_ScopeId; Type: INDEX; Schema: public; Owner: workshopuser
--

CREATE INDEX "IX_ApiScopeProperties_ScopeId" ON public."ApiScopeProperties" USING btree ("ScopeId");


--
-- TOC entry 3003 (class 1259 OID 16716)
-- Name: IX_ApiScopes_Name; Type: INDEX; Schema: public; Owner: workshopuser
--

CREATE UNIQUE INDEX "IX_ApiScopes_Name" ON public."ApiScopes" USING btree ("Name");


--
-- TOC entry 3070 (class 1259 OID 16821)
-- Name: IX_AspNetRoleClaims_RoleId; Type: INDEX; Schema: public; Owner: workshopuser
--

CREATE INDEX "IX_AspNetRoleClaims_RoleId" ON public."AspNetRoleClaims" USING btree ("RoleId");


--
-- TOC entry 3073 (class 1259 OID 16823)
-- Name: IX_AspNetUserClaims_UserId; Type: INDEX; Schema: public; Owner: workshopuser
--

CREATE INDEX "IX_AspNetUserClaims_UserId" ON public."AspNetUserClaims" USING btree ("UserId");


--
-- TOC entry 3076 (class 1259 OID 16824)
-- Name: IX_AspNetUserLogins_UserId; Type: INDEX; Schema: public; Owner: workshopuser
--

CREATE INDEX "IX_AspNetUserLogins_UserId" ON public."AspNetUserLogins" USING btree ("UserId");


--
-- TOC entry 3079 (class 1259 OID 16825)
-- Name: IX_AspNetUserRoles_RoleId; Type: INDEX; Schema: public; Owner: workshopuser
--

CREATE INDEX "IX_AspNetUserRoles_RoleId" ON public."AspNetUserRoles" USING btree ("RoleId");


--
-- TOC entry 3030 (class 1259 OID 16717)
-- Name: IX_ClientClaims_ClientId; Type: INDEX; Schema: public; Owner: workshopuser
--

CREATE INDEX "IX_ClientClaims_ClientId" ON public."ClientClaims" USING btree ("ClientId");


--
-- TOC entry 3033 (class 1259 OID 16718)
-- Name: IX_ClientCorsOrigins_ClientId; Type: INDEX; Schema: public; Owner: workshopuser
--

CREATE INDEX "IX_ClientCorsOrigins_ClientId" ON public."ClientCorsOrigins" USING btree ("ClientId");


--
-- TOC entry 3036 (class 1259 OID 16719)
-- Name: IX_ClientGrantTypes_ClientId; Type: INDEX; Schema: public; Owner: workshopuser
--

CREATE INDEX "IX_ClientGrantTypes_ClientId" ON public."ClientGrantTypes" USING btree ("ClientId");


--
-- TOC entry 3039 (class 1259 OID 16720)
-- Name: IX_ClientIdPRestrictions_ClientId; Type: INDEX; Schema: public; Owner: workshopuser
--

CREATE INDEX "IX_ClientIdPRestrictions_ClientId" ON public."ClientIdPRestrictions" USING btree ("ClientId");


--
-- TOC entry 3042 (class 1259 OID 16721)
-- Name: IX_ClientPostLogoutRedirectUris_ClientId; Type: INDEX; Schema: public; Owner: workshopuser
--

CREATE INDEX "IX_ClientPostLogoutRedirectUris_ClientId" ON public."ClientPostLogoutRedirectUris" USING btree ("ClientId");


--
-- TOC entry 3045 (class 1259 OID 16722)
-- Name: IX_ClientProperties_ClientId; Type: INDEX; Schema: public; Owner: workshopuser
--

CREATE INDEX "IX_ClientProperties_ClientId" ON public."ClientProperties" USING btree ("ClientId");


--
-- TOC entry 3048 (class 1259 OID 16723)
-- Name: IX_ClientRedirectUris_ClientId; Type: INDEX; Schema: public; Owner: workshopuser
--

CREATE INDEX "IX_ClientRedirectUris_ClientId" ON public."ClientRedirectUris" USING btree ("ClientId");


--
-- TOC entry 3051 (class 1259 OID 16725)
-- Name: IX_ClientScopes_ClientId; Type: INDEX; Schema: public; Owner: workshopuser
--

CREATE INDEX "IX_ClientScopes_ClientId" ON public."ClientScopes" USING btree ("ClientId");


--
-- TOC entry 3054 (class 1259 OID 16726)
-- Name: IX_ClientSecrets_ClientId; Type: INDEX; Schema: public; Owner: workshopuser
--

CREATE INDEX "IX_ClientSecrets_ClientId" ON public."ClientSecrets" USING btree ("ClientId");


--
-- TOC entry 3006 (class 1259 OID 16724)
-- Name: IX_Clients_ClientId; Type: INDEX; Schema: public; Owner: workshopuser
--

CREATE UNIQUE INDEX "IX_Clients_ClientId" ON public."Clients" USING btree ("ClientId");


--
-- TOC entry 2991 (class 1259 OID 16433)
-- Name: IX_DeviceCodes_DeviceCode; Type: INDEX; Schema: public; Owner: workshopuser
--

CREATE UNIQUE INDEX "IX_DeviceCodes_DeviceCode" ON public."DeviceCodes" USING btree ("DeviceCode");


--
-- TOC entry 2992 (class 1259 OID 16434)
-- Name: IX_DeviceCodes_Expiration; Type: INDEX; Schema: public; Owner: workshopuser
--

CREATE INDEX "IX_DeviceCodes_Expiration" ON public."DeviceCodes" USING btree ("Expiration");


--
-- TOC entry 3057 (class 1259 OID 16727)
-- Name: IX_IdentityResourceClaims_IdentityResourceId; Type: INDEX; Schema: public; Owner: workshopuser
--

CREATE INDEX "IX_IdentityResourceClaims_IdentityResourceId" ON public."IdentityResourceClaims" USING btree ("IdentityResourceId");


--
-- TOC entry 3060 (class 1259 OID 16728)
-- Name: IX_IdentityResourceProperties_IdentityResourceId; Type: INDEX; Schema: public; Owner: workshopuser
--

CREATE INDEX "IX_IdentityResourceProperties_IdentityResourceId" ON public."IdentityResourceProperties" USING btree ("IdentityResourceId");


--
-- TOC entry 3009 (class 1259 OID 16729)
-- Name: IX_IdentityResources_Name; Type: INDEX; Schema: public; Owner: workshopuser
--

CREATE UNIQUE INDEX "IX_IdentityResources_Name" ON public."IdentityResources" USING btree ("Name");


--
-- TOC entry 2995 (class 1259 OID 16435)
-- Name: IX_PersistedGrants_Expiration; Type: INDEX; Schema: public; Owner: workshopuser
--

CREATE INDEX "IX_PersistedGrants_Expiration" ON public."PersistedGrants" USING btree ("Expiration");


--
-- TOC entry 2996 (class 1259 OID 16436)
-- Name: IX_PersistedGrants_SubjectId_ClientId_Type; Type: INDEX; Schema: public; Owner: workshopuser
--

CREATE INDEX "IX_PersistedGrants_SubjectId_ClientId_Type" ON public."PersistedGrants" USING btree ("SubjectId", "ClientId", "Type");


--
-- TOC entry 2997 (class 1259 OID 16437)
-- Name: IX_PersistedGrants_SubjectId_SessionId_Type; Type: INDEX; Schema: public; Owner: workshopuser
--

CREATE INDEX "IX_PersistedGrants_SubjectId_SessionId_Type" ON public."PersistedGrants" USING btree ("SubjectId", "SessionId", "Type");


--
-- TOC entry 3065 (class 1259 OID 16822)
-- Name: RoleNameIndex; Type: INDEX; Schema: public; Owner: workshopuser
--

CREATE UNIQUE INDEX "RoleNameIndex" ON public."AspNetRoles" USING btree ("NormalizedName");


--
-- TOC entry 3069 (class 1259 OID 16827)
-- Name: UserNameIndex; Type: INDEX; Schema: public; Owner: workshopuser
--

CREATE UNIQUE INDEX "UserNameIndex" ON public."AspNetUsers" USING btree ("NormalizedUserName");


--
-- TOC entry 3084 (class 2606 OID 16485)
-- Name: ApiResourceClaims FK_ApiResourceClaims_ApiResources_ApiResourceId; Type: FK CONSTRAINT; Schema: public; Owner: workshopuser
--

ALTER TABLE ONLY public."ApiResourceClaims"
    ADD CONSTRAINT "FK_ApiResourceClaims_ApiResources_ApiResourceId" FOREIGN KEY ("ApiResourceId") REFERENCES public."ApiResources"("Id") ON DELETE CASCADE;


--
-- TOC entry 3085 (class 2606 OID 16500)
-- Name: ApiResourceProperties FK_ApiResourceProperties_ApiResources_ApiResourceId; Type: FK CONSTRAINT; Schema: public; Owner: workshopuser
--

ALTER TABLE ONLY public."ApiResourceProperties"
    ADD CONSTRAINT "FK_ApiResourceProperties_ApiResources_ApiResourceId" FOREIGN KEY ("ApiResourceId") REFERENCES public."ApiResources"("Id") ON DELETE CASCADE;


--
-- TOC entry 3086 (class 2606 OID 16512)
-- Name: ApiResourceScopes FK_ApiResourceScopes_ApiResources_ApiResourceId; Type: FK CONSTRAINT; Schema: public; Owner: workshopuser
--

ALTER TABLE ONLY public."ApiResourceScopes"
    ADD CONSTRAINT "FK_ApiResourceScopes_ApiResources_ApiResourceId" FOREIGN KEY ("ApiResourceId") REFERENCES public."ApiResources"("Id") ON DELETE CASCADE;


--
-- TOC entry 3087 (class 2606 OID 16527)
-- Name: ApiResourceSecrets FK_ApiResourceSecrets_ApiResources_ApiResourceId; Type: FK CONSTRAINT; Schema: public; Owner: workshopuser
--

ALTER TABLE ONLY public."ApiResourceSecrets"
    ADD CONSTRAINT "FK_ApiResourceSecrets_ApiResources_ApiResourceId" FOREIGN KEY ("ApiResourceId") REFERENCES public."ApiResources"("Id") ON DELETE CASCADE;


--
-- TOC entry 3088 (class 2606 OID 16539)
-- Name: ApiScopeClaims FK_ApiScopeClaims_ApiScopes_ScopeId; Type: FK CONSTRAINT; Schema: public; Owner: workshopuser
--

ALTER TABLE ONLY public."ApiScopeClaims"
    ADD CONSTRAINT "FK_ApiScopeClaims_ApiScopes_ScopeId" FOREIGN KEY ("ScopeId") REFERENCES public."ApiScopes"("Id") ON DELETE CASCADE;


--
-- TOC entry 3089 (class 2606 OID 16554)
-- Name: ApiScopeProperties FK_ApiScopeProperties_ApiScopes_ScopeId; Type: FK CONSTRAINT; Schema: public; Owner: workshopuser
--

ALTER TABLE ONLY public."ApiScopeProperties"
    ADD CONSTRAINT "FK_ApiScopeProperties_ApiScopes_ScopeId" FOREIGN KEY ("ScopeId") REFERENCES public."ApiScopes"("Id") ON DELETE CASCADE;


--
-- TOC entry 3101 (class 2606 OID 16757)
-- Name: AspNetRoleClaims FK_AspNetRoleClaims_AspNetRoles_RoleId; Type: FK CONSTRAINT; Schema: public; Owner: workshopuser
--

ALTER TABLE ONLY public."AspNetRoleClaims"
    ADD CONSTRAINT "FK_AspNetRoleClaims_AspNetRoles_RoleId" FOREIGN KEY ("RoleId") REFERENCES public."AspNetRoles"("Id") ON DELETE CASCADE;


--
-- TOC entry 3102 (class 2606 OID 16772)
-- Name: AspNetUserClaims FK_AspNetUserClaims_AspNetUsers_UserId; Type: FK CONSTRAINT; Schema: public; Owner: workshopuser
--

ALTER TABLE ONLY public."AspNetUserClaims"
    ADD CONSTRAINT "FK_AspNetUserClaims_AspNetUsers_UserId" FOREIGN KEY ("UserId") REFERENCES public."AspNetUsers"("Id") ON DELETE CASCADE;


--
-- TOC entry 3103 (class 2606 OID 16785)
-- Name: AspNetUserLogins FK_AspNetUserLogins_AspNetUsers_UserId; Type: FK CONSTRAINT; Schema: public; Owner: workshopuser
--

ALTER TABLE ONLY public."AspNetUserLogins"
    ADD CONSTRAINT "FK_AspNetUserLogins_AspNetUsers_UserId" FOREIGN KEY ("UserId") REFERENCES public."AspNetUsers"("Id") ON DELETE CASCADE;


--
-- TOC entry 3104 (class 2606 OID 16798)
-- Name: AspNetUserRoles FK_AspNetUserRoles_AspNetRoles_RoleId; Type: FK CONSTRAINT; Schema: public; Owner: workshopuser
--

ALTER TABLE ONLY public."AspNetUserRoles"
    ADD CONSTRAINT "FK_AspNetUserRoles_AspNetRoles_RoleId" FOREIGN KEY ("RoleId") REFERENCES public."AspNetRoles"("Id") ON DELETE CASCADE;


--
-- TOC entry 3105 (class 2606 OID 16803)
-- Name: AspNetUserRoles FK_AspNetUserRoles_AspNetUsers_UserId; Type: FK CONSTRAINT; Schema: public; Owner: workshopuser
--

ALTER TABLE ONLY public."AspNetUserRoles"
    ADD CONSTRAINT "FK_AspNetUserRoles_AspNetUsers_UserId" FOREIGN KEY ("UserId") REFERENCES public."AspNetUsers"("Id") ON DELETE CASCADE;


--
-- TOC entry 3106 (class 2606 OID 16816)
-- Name: AspNetUserTokens FK_AspNetUserTokens_AspNetUsers_UserId; Type: FK CONSTRAINT; Schema: public; Owner: workshopuser
--

ALTER TABLE ONLY public."AspNetUserTokens"
    ADD CONSTRAINT "FK_AspNetUserTokens_AspNetUsers_UserId" FOREIGN KEY ("UserId") REFERENCES public."AspNetUsers"("Id") ON DELETE CASCADE;


--
-- TOC entry 3090 (class 2606 OID 16569)
-- Name: ClientClaims FK_ClientClaims_Clients_ClientId; Type: FK CONSTRAINT; Schema: public; Owner: workshopuser
--

ALTER TABLE ONLY public."ClientClaims"
    ADD CONSTRAINT "FK_ClientClaims_Clients_ClientId" FOREIGN KEY ("ClientId") REFERENCES public."Clients"("Id") ON DELETE CASCADE;


--
-- TOC entry 3091 (class 2606 OID 16581)
-- Name: ClientCorsOrigins FK_ClientCorsOrigins_Clients_ClientId; Type: FK CONSTRAINT; Schema: public; Owner: workshopuser
--

ALTER TABLE ONLY public."ClientCorsOrigins"
    ADD CONSTRAINT "FK_ClientCorsOrigins_Clients_ClientId" FOREIGN KEY ("ClientId") REFERENCES public."Clients"("Id") ON DELETE CASCADE;


--
-- TOC entry 3092 (class 2606 OID 16593)
-- Name: ClientGrantTypes FK_ClientGrantTypes_Clients_ClientId; Type: FK CONSTRAINT; Schema: public; Owner: workshopuser
--

ALTER TABLE ONLY public."ClientGrantTypes"
    ADD CONSTRAINT "FK_ClientGrantTypes_Clients_ClientId" FOREIGN KEY ("ClientId") REFERENCES public."Clients"("Id") ON DELETE CASCADE;


--
-- TOC entry 3093 (class 2606 OID 16605)
-- Name: ClientIdPRestrictions FK_ClientIdPRestrictions_Clients_ClientId; Type: FK CONSTRAINT; Schema: public; Owner: workshopuser
--

ALTER TABLE ONLY public."ClientIdPRestrictions"
    ADD CONSTRAINT "FK_ClientIdPRestrictions_Clients_ClientId" FOREIGN KEY ("ClientId") REFERENCES public."Clients"("Id") ON DELETE CASCADE;


--
-- TOC entry 3094 (class 2606 OID 16620)
-- Name: ClientPostLogoutRedirectUris FK_ClientPostLogoutRedirectUris_Clients_ClientId; Type: FK CONSTRAINT; Schema: public; Owner: workshopuser
--

ALTER TABLE ONLY public."ClientPostLogoutRedirectUris"
    ADD CONSTRAINT "FK_ClientPostLogoutRedirectUris_Clients_ClientId" FOREIGN KEY ("ClientId") REFERENCES public."Clients"("Id") ON DELETE CASCADE;


--
-- TOC entry 3095 (class 2606 OID 16635)
-- Name: ClientProperties FK_ClientProperties_Clients_ClientId; Type: FK CONSTRAINT; Schema: public; Owner: workshopuser
--

ALTER TABLE ONLY public."ClientProperties"
    ADD CONSTRAINT "FK_ClientProperties_Clients_ClientId" FOREIGN KEY ("ClientId") REFERENCES public."Clients"("Id") ON DELETE CASCADE;


--
-- TOC entry 3096 (class 2606 OID 16650)
-- Name: ClientRedirectUris FK_ClientRedirectUris_Clients_ClientId; Type: FK CONSTRAINT; Schema: public; Owner: workshopuser
--

ALTER TABLE ONLY public."ClientRedirectUris"
    ADD CONSTRAINT "FK_ClientRedirectUris_Clients_ClientId" FOREIGN KEY ("ClientId") REFERENCES public."Clients"("Id") ON DELETE CASCADE;


--
-- TOC entry 3097 (class 2606 OID 16662)
-- Name: ClientScopes FK_ClientScopes_Clients_ClientId; Type: FK CONSTRAINT; Schema: public; Owner: workshopuser
--

ALTER TABLE ONLY public."ClientScopes"
    ADD CONSTRAINT "FK_ClientScopes_Clients_ClientId" FOREIGN KEY ("ClientId") REFERENCES public."Clients"("Id") ON DELETE CASCADE;


--
-- TOC entry 3098 (class 2606 OID 16677)
-- Name: ClientSecrets FK_ClientSecrets_Clients_ClientId; Type: FK CONSTRAINT; Schema: public; Owner: workshopuser
--

ALTER TABLE ONLY public."ClientSecrets"
    ADD CONSTRAINT "FK_ClientSecrets_Clients_ClientId" FOREIGN KEY ("ClientId") REFERENCES public."Clients"("Id") ON DELETE CASCADE;


--
-- TOC entry 3099 (class 2606 OID 16689)
-- Name: IdentityResourceClaims FK_IdentityResourceClaims_IdentityResources_IdentityResourceId; Type: FK CONSTRAINT; Schema: public; Owner: workshopuser
--

ALTER TABLE ONLY public."IdentityResourceClaims"
    ADD CONSTRAINT "FK_IdentityResourceClaims_IdentityResources_IdentityResourceId" FOREIGN KEY ("IdentityResourceId") REFERENCES public."IdentityResources"("Id") ON DELETE CASCADE;


--
-- TOC entry 3100 (class 2606 OID 16704)
-- Name: IdentityResourceProperties FK_IdentityResourceProperties_IdentityResources_IdentityResour~; Type: FK CONSTRAINT; Schema: public; Owner: workshopuser
--

ALTER TABLE ONLY public."IdentityResourceProperties"
    ADD CONSTRAINT "FK_IdentityResourceProperties_IdentityResources_IdentityResour~" FOREIGN KEY ("IdentityResourceId") REFERENCES public."IdentityResources"("Id") ON DELETE CASCADE;


-- Completed on 2022-08-17 08:34:17 UTC

--
-- PostgreSQL database dump complete
--

